#,Reference,Qty,Manufacturer_Name,Manufacturer_Part_Number,Description,Value,Footprint,MB P/N,Exclude from BOM,MFG,MFG P/N,Modbatt P/N,Modbatt Description,Match Confidence,Match Type,Alternate Modbatt P/N
1,C1,1,,,,2.2uF,Capacitor_SMD:C_0402_1005Metric_Pad0.74x0.62mm_HandSolder,,,MURATA ELECTRONICS,GRM155C81E225ME11D,9042007,0402 2.2uF CAP 25V X6S,80%,partial_description,9042083 (80%)
2,C2,1,,,,10nF,Capacitor_SMD:C_0402_1005Metric_Pad0.74x0.62mm_HandSolder,,,KEMET,C0402C103J5RECAUTO,9042093,0402 10NF 50V X7R 5%,80%,partial_description,
3,"C10,C14,C23,C24,C34",5,,,,10pF,Capacitor_SMD:C_0402_1005Metric_Pad0.74x0.62mm_HandSolder,,,MURATA,GRM1555C1H100JA01D,9042051,CAP CER 10PF 50V C0G/NP0 0402,80%,partial_description,9042085 (80%)
4,"C11,C13,C20,C28",4,,,,22uF  25V,Capacitor_SMD:C_0805_2012Metric,,,SAMSUNG ELECTRO-MECHANICS,CL21A226MAYNNNE,9042014,0805 22uF 25V X5R,95%,normalized_pattern,9042091 (85%)
5,"C16,C18,C19",3,,,,1uF,Capacitor_SMD:C_0402_1005Metric_Pad0.74x0.62mm_HandSolder,,,CALCHIP,GMC04X7R104J16NT,9042062,0402 .1UF 5% 16V X7R,80%,partial_description,"9042079 (80%), 9042101 (80%), 9042102 (80%)"
6,"C17,C21,C22",3,,,,.1uF 50V,Capacitor_SMD:C_0402_1005Metric_Pad0.74x0.62mm_HandSolder,,,Murata Electronics,GRM155R61H104JE14D,9042102,0402 0.1UF 50V X5R,80%,partial_description,
7,"C3,C4,C5,C6,C7,C12,C15,C25,C26,C27,C29,C33",12,,,,.1uF,Capacitor_SMD:C_0402_1005Metric_Pad0.74x0.62mm_HandSolder,,,CALCHIP,GMC04X7R104J16NT,9042062,0402 .1UF 5% 16V X7R,80%,partial_description,"9042079 (80%), 9042102 (80%), 9042146 (80%)"
8,"C30,C31,C32",3,,,,.1uF 1KV,Capacitor_SMD:C_1812_4532Metric,,,KEMET,C1812W104KDRACAUTO,9042146,1812 0.1uF 1kV X7R,80%,partial_description,
9,"C8,C9",2,,,,7pF,Capacitor_SMD:C_0402_1005Metric_Pad0.74x0.62mm_HandSolder,,,SEIKO INSTRUMENTS,SC32S-7PF20PPM,9042006,SC32S-7PF20PPM  CRYSTAL  32.7680KHZ 7PF SMD,80%,partial_description,"9042018 (80%), 9042054 (80%), 9042088 (80%)"
10,D2,1,,,,20V 350mA SOD123,Diode_SMD:D_SOD-123,,,MICRO COMMERCIAL,SD103AW-TP,9042020,DIODE SCHOTTKY 40V 350MA SOD123,85%,"substring_match_footprint(350MA,SOD)",
11,D7,1,,,"Dual schottky barrier diode, common cathode, SOT-323",BAT54CW,Package_TO_SOT_SMD:SOT-323_SC-70,,,DIOTEC SEMICONDUCTOR,BAT54CW,9042156,Schottky SOT-323,100%,mfg_part_number,
12,"D1,D3,D6",3,,,,MMBZ27VCLT1G,modbatt footprints:SOT-23,,,ESD Suppressors/ TVS Diodes,MMBZ27VCLT1G,9042158,27V 225mW Dual Commo,100%,mfg_part_number,
13,J3,1,,,,Debug,Connector_PinHeader_2.54mm:PinHeader_2x03_P2.54mm_Horizontal,,,,X002ZWOD9L,9042177,spring loaded pins for debug 0.7mm,80%,partial_description,9042181 (80%)
14,J4,1,,,,Micro_SD_Card_Det_Hirose_DM3AT,modbatt footprints:microSD_HC_Hirose_DM3AT-SF-PEJM5,,,,,,,,no_match,
15,J5,1,TE Connectivity,640389-6,,640389-4,modbatt footprints:6403896-4,,,TE CONNECTIVITY,640389-4,9042075,FRCTN LK HDR RA 4P S,100%,mfg_part_number,
16,"J1,J2",2,,,,TERM,modbatt footprints:TERMINAL,,,,,,,,no_match,
17,"J6,J7,J8,J9,J10,J11",6,,,,Conn_01x01_Pin,modbatt footprints:PinHeader_1x01_P1.00mm_Horizontal,,,,,,,,no_match,
18,K1,1,,,,DVR05,modbatt footprints:modbatt relay tab,,,,,,,,no_match,
19,L1,1,,,,4.7uH,Inductor_SMD:L_0805_2012Metric_Pad1.15x1.40mm_HandSolder,,,MURATA ELECTRONICS,LQM21PN4R7MGHL,9042016,9FIXED IND 4.7UH 1.2A 275MOHM SMD,80%,partial_description,9042086 (80%)
20,Q4,1,,,,ZVP0545G,Package_TO_SOT_SMD:SOT-223,,,DIODES INC,ZVP0545GTA,9042073,P-CHNL 450V,90%,substring_match(ZVP0545G),
21,Q5,1,,,,ZVN0545G,Package_TO_SOT_SMD:SOT-223,,,DIODES INC,ZVN0545GTA,9042074,N-CHNL 450V,90%,substring_match(ZVN0545G),
22,"Q1,Q6",2,,,,2N7002,Package_TO_SOT_SMD:SOT-323_SC-70,,,PANJIT INTERNATIONAL,2N7002KW-AU_R1_000A1,9042001,"SOT-323, MOSFET",90%,substring_match(2N7002),
23,"Q2,Q3",2,INFINEON,IPB60R040CFD7ATMA1,"MOSFET, N-CH, 600V, 50A, 150DEG C, 227W",MOSFET 600V,modbatt footprints:TO-263-3_TabPin2,,,INFINEON,IPB60R040CFD7ATMA1,9042072,"MOSFET, N-CH, 600V, 50A, 150DEG C, 227W",100%,"substring_match(600V,MOSFET)",
24,R1,1,YAGEO,RT0402FRE101KL,RES 0402 1K OHM 1/16W 1%,1KΩ,Resistor_SMD:R_0402_1005Metric_Pad0.72x0.64mm_HandSolder,9042161,,YAGEO,RT0402FRE101KL,9042161,0402 1K OHM 1% 50PPM,100%,existing_mb_pn,
25,R2,1,TE Connectivity,CRGCQ0402J4R7,RES 0402 4.7OHM 1/16W 5%,4.7Ω,Resistor_SMD:R_0402_1005Metric_Pad0.72x0.64mm_HandSolder,9042031,,TE CONNECTIVITY,CRGCQ0402J4R7,9042031,0402 4.7OHM 1/16W 5%,100%,existing_mb_pn,
26,R6,1,YAGEO,RC0402JR-0710KL,RES 0402 10K OHM 1/16W 5%,10KΩ,Resistor_SMD:R_0402_1005Metric_Pad0.72x0.64mm_HandSolder,9042011,,YAGEO,RC0402JR-0710KL,9042011,0402 10K OHM 1/16W 5%,100%,existing_mb_pn,
27,R11,1,YAGEO,RC0402JR-13200KL,RES 0402 200K OHM 1/16W 5%,200KΩ,Resistor_SMD:R_0402_1005Metric_Pad0.72x0.64mm_HandSolder,9042113,,YAGEO,RC0402JR-13200KL,9042113,0402 200K OHM 1/16W 5%,100%,existing_mb_pn,
28,R15,1,YAGEO ,RC1206JR-07200KL ,RES 1206 200k Ohms 1/4W 5%,200KΩ,Resistor_SMD:R_1206_3216Metric_Pad1.30x1.75mm_HandSolder,9042111,,YAGEO,RC1206JR-07200KL,9042111,1206 200 kOhms 250mW 5%,100%,existing_mb_pn,
29,R17,1,YAGEO,RT0402BRE07100KL,RES 100K Ohm 0.1% 1/16W 50V 50ppm,100KΩ 0.1%,Resistor_SMD:R_0402_1005Metric_Pad0.72x0.64mm_HandSolder,9042090,,YAGEO,RT0402BRE07100KL,9042090,0402 100K OHM 0.1% 1/16W,100%,existing_mb_pn,
30,R32,1,TE Connectivity,356033KFT,RES 3560 33K 6W 1%,33KΩ,modbatt footprints:3560,9042127,,TE CONNECTIVITY,356033KFT,9042127,RES 3560 33K 6W 1%,100%,existing_mb_pn,
31,R35,1,PANASONIC,ERJ-U02J220X,RES 0402 22 OHM 5%,22Ω,Resistor_SMD:R_0402_1005Metric_Pad0.72x0.64mm_HandSolder,9042149,,PANASONIC,ERJ-U02J220X,9042149,0402 22 OHM 5%,100%,existing_mb_pn,
32,"R12,R13",2,Vishay,CRCW0402787KFKED,RES 0402 787KOHM 1% 1/16W,787KΩ 1%,Resistor_SMD:R_0402_1005Metric_Pad0.72x0.64mm_HandSolder,9042160,,VISHAY,CRCW0402787KFKED,9042160,0402 787K OHM 1/16W 1%,100%,existing_mb_pn,
33,"R14,R28,R29,R30,R31",5,YAGEO ,RT0402BRE074K99L,RES 0402 4.99KOHM 0.1% 1/16W,4.99KΩ 0.1%,Resistor_SMD:R_0402_1005Metric_Pad0.72x0.64mm_HandSolder,9042081,,YAGEO,RT0402BRE074K99L,9042081,0402 4.99KOHM 0.1% 1/16W,100%,existing_mb_pn,
34,"R16,R18,R19,R20,R21",5,"SUSUMU,Susumu",RG3216P-2704-B-T1,RES 1206 2.7M OHM 0.1% 1/4W,2.7MΩ  0.1%,Resistor_SMD:R_1206_3216Metric_Pad1.30x1.75mm_HandSolder,9042061,,SUSUMU,RG3216P-2704-B-T1,9042061,RES 1206 2.7M OHM 0.1% 1/4W,100%,existing_mb_pn,
35,"R3,R4,R24,R25,R33",5,YAGEO,AC0402FR-134K7L ,RES 0402 4.7K OHM 62.5mW 1%,4.7KΩ,Resistor_SMD:R_0402_1005Metric_Pad0.72x0.64mm_HandSolder,9042110,,YAGEO,AC0402FR-134K7L,9042110,0402 4.7K OHM 62.5mW 1% AEC-Q200,100%,existing_mb_pn,
36,"R36,R37",2,VISHAY,CRCW25126R04FKEGHP,RES 6.04 OHM 1.5W 1% 2512,6.04Ω,Resistor_SMD:R_2512_6332Metric,9042155,,VISHAY,CRCW25126R04FKEGHP,9042155,2512 6.04 OHM 1.5W 1%,100%,existing_mb_pn,
37,"R5,R22,R23,R34",4,TE Connectivity,CRG0402J100K/10,RES 0402 100K OHM 1/16W 5%,100KΩ,Resistor_SMD:R_0402_1005Metric_Pad0.72x0.64mm_HandSolder,9042003,,TE CONNECTIVITY,CRG0402J100K/10,9042003,0402 100K OHM 1/16W 5%,100%,existing_mb_pn,
38,"R7,R8",2,YAGEO,RE0402BRE071ML,RES 0402 1M OHM 1/16W 0.1%,1.0MΩ 0.1%,Resistor_SMD:R_0402_1005Metric_Pad0.72x0.64mm_HandSolder,9042012,,YAGEO,RE0402BRE071ML,9042012,0402 1M OHM 1/16W 0.1%,100%,existing_mb_pn,
39,"R9,R10",2,Walsin,WR04X68R0FTL,RES 0402 68 OHM 1% 1/16W,68Ω,Resistor_SMD:R_0402_1005Metric_Pad0.72x0.64mm_HandSolder,9042095,,Walsin Technology Corporation,WR04X68R0FTL,9042095,0402 68 OHM 1% 1/16W,100%,existing_mb_pn,
40,U1,1,Allegro MicroSystems ,ACS37002LMABTR-050B5,Board Mount Current Sensors 400KHZ,ACS37002LMABTR-050B5,Package_SO:SOIC-16W_7.5x10.3mm_P1.27mm,9042071,,Allegro MicroSystems,ACS37002LMABTR-050B5,9042071,Board Mount Current Sensors 400KHZ,100%,existing_mb_pn,
41,U2,1,  Microchip Technology,ATmega64M1-AU,"8-bit Microcontrollers - MCU 16 MHz, 85DEG",ATmega64M1-AU,modbatt footprints:TQFP-32_7x7mm_P0.8mm,9042027,,Microchip Technology,ATMEGA64M1-AU,9042027,"8-bit Microcontrollers - MCU 16 MHz, 85DEG",100%,existing_mb_pn,
42,U3,1,Microchip Technology ,MCP7940NT-I/SN ,Real Time Clock I2C GP RTCC 64B SRAM,MCP7940N,Package_SO:SOIC-8_3.9x4.9mm_P1.27mm,9042023,,MICROCHIP TECH,MCP7940NT-I/SN,9042023,IC RTC CLK/CALENDAR I2C 8S0IC,100%,existing_mb_pn,
43,U4,1,Diodes Incorporated,AP63203WU-7,IC REG BUCK 3.3V 2A TSOT26,AP63203WU,Package_TO_SOT_SMD:TSOT-23-6,9042036*,,DIODES INC,AP63203WU-7,9042036,IC REG BUCK 3.3V 2A TSOT26,95%,substring_match_footprint(AP63203WU),
44,U5,1,Texas Instruments,TLV333IDR ,Op Amps Single 350-kHz low -noise RRIO CMOS,TLV333 8SOIC,Package_SO:SOIC-8_3.9x4.9mm_P1.27mm,9042089,,TEXAS INSTRUMENTS,TLV333IDR,9042089,Op Amps Single 350-kHz low -noise RRIO CMOS,100%,existing_mb_pn,
45,U6,1,TOSHIBA  ,"TLP152(TPL,E",Optically Isolated Gate Drivers Gate Drive Phcplr 3750 Vrms,TLP152,modbatt footprints:SO-6_4.4x3.6mm_P1.27mm,9042076,,TOSHIBA,"TLP152(TPL,E",9042076,Optically Isolated Gate Drivers Gate Drive Phcplr 3750 Vrms,100%,existing_mb_pn,
46,U7,1,Texas Instruments,TPSI3050DWZR ,Galvanically Isolated Gate Drivers Isolated switch driver,TPSI3050D,Package_SO:SOIC-8_7.5x5.85mm_P1.27mm,9042157,,TI,TPSI3050DWZR,9042157,Galvanically Isolated Gate Drivers Isolated switch driver,100%,existing_mb_pn,
47,U8,1,Texas Instruments,ISO1050DUB,Digital Isolators Iso 5V CAN Xcvr,ISO1050DUB,modbatt footprints:DIP-8_W8.89mm_SMDSocket_LongPads,9042022,,TEXAS INSTRUMENTS,ISO1050DUBR,9042022,IC TXRX/ISO HALF 1/1 8S0P,100%,existing_mb_pn,
48,U9,1,MORNSUN,IB 1205LS-1WR3,Isolated Module DC DC Converter 1 Output 5V 200mA 11.4V - 12.6V Input,DC-DC SIP6,modbatt footprints:SIP6_IB_LS-1WR3_MNS,9042056,,MORNSUN,IB 1205LS-1WR3,9042056,Isolated Module DC DC Converter 1 Output 5V 200mA 11.4V - 12.6V Input,100%,existing_mb_pn,
49,U10,1,Diodes Incorporated,AZ1117IH-5.0TRG1,Voltage Regulators LDO BJT HiCurr 1.35A 10Hz to 10KHz,AZ1117-5.0,Package_TO_SOT_SMD:SOT-223,9042057*,,Diodes Incorporated,AZ1117IH-5.0TRG1,9042098,IC REG LINEAR 5V 1A SOT223 (use 9042057),95%,substring_match_footprint(AZ1117),
50,U11,1,Microchip Technology,MIC5504-3.3YM5,LDO Voltage Regulators Single 300mA,MIC5504-3.3YM5,Package_TO_SOT_SMD:SOT-23-5,9042100,,Microchip Technology,MIC5504-3.3YM5-TR,9042100,IC REG LINEAR 3.3V 300MA SOT23-5,100%,existing_mb_pn,
51,U12,1,Texas Instruments ,TMP392A2DRLR,Board Mount Temperature Sensors TMP392 Dual-channel,TMP392,modbatt footprints:SOT-563,9042133,,TI THERMOSTATS,TMP392A2DRLR,9042133,Board Mount Temperature Sensors TMP392 Dual-channel,100%,existing_mb_pn,
52,U13,1,TOSHIBA,TC7WH74FU,Flip Flops L-MOS LOGIC (VHS),TC7WH74FU,Package_SO:TSSOP-8_3x3mm_P0.65mm,9042143,,TOSHIBA,"TC7WH74FU,LJ(CT",9042143,Flip Flops L-MOS LOGIC (VHS),100%,existing_mb_pn,
53,Y1,1,Seiko Semiconductors ,SC32S-7PF20PPM,Crystals 32.768kHz 7pF +/-20PPM,32.768KHz SC-32,Crystal:Crystal_SMD_3215-2Pin_3.2x1.5mm,9042006,,SEIKO INSTRUMENTS,SC32S-7PF20PPM,9042006,SC32S-7PF20PPM  CRYSTAL  32.7680KHZ 7PF SMD,100%,existing_mb_pn,
